State,Count of County,StateCode,Percent of State Urban,"Sum of Population, tract total","Sum of Housing units, total",Average of Tract median family income,Percent Low income by Area,Percent of Population in Poverty,Sum of Low income and low access tract measured at 1 mile for urban areas and 10 miles for rural areas,Sum of Low income and low access tract measured at 1/2 mile for urban areas and 10 miles for rural areas,Sum of Low income and low access tract measured at 1 mile for urban areas and 20 miles for rural areas,Sum of Low income and low access tract using vehicle access or low income and low access tract measured at 20 miles,"Sum of Vehicle access, tract with low vehicle access",Sum of Low access tract at 1 mile for urban areas and 10 miles for rural areas,Sum of Low access tract at 1/2 mile for urban areas and 10 miles for rural areas,Sum of Low access tract at 1 mile for urban areas and 20 miles for rural areas,Sum of Low access tract at 1/2 mile,Sum of Low access tract at 1 mile,Sum of Low access tract at 10 miles,Sum of Low access tract at 20 miles,Sum of Low access tract using vehicle access and at 20 miles  in rural areas,"Sum of Low access, population at 1 mile for urban areas and 10 miles for rural areas, number","Sum of Low access, population at 1/2 mile for urban areas and 10 miles for rural areas, number","Sum of Low access, population at 1 mile for urban areas and 20 miles for rural areas, number","Sum of Low access, low-income population at 1 mile for urban areas and 10 miles for rural areas, number","Sum of Low access, low-income population at 1/2 mile for urban areas and 10 miles for rural areas, number","Sum of Low access, low-income population at 1 mile for urban areas and 20 miles for rural areas, number","Sum of Low access, population at 1/2 mile, number","Sum of Low access, low-income population at 1/2 mile, number","Sum of Low access, White population at 1/2 mile, number","Sum of Low access, Black or African American population at 1/2 mile, number","Sum of Low access, Asian population at 1/2 mile, number","Sum of Low access, Native Hawaiian or Other Pacific Islander population at 1/2 mile, number","Sum of Low access, American Indian or Alaska Native population at 1/2 mile, number","Sum of Low access, Other/Multiple race population at 1/2 mile, number","Sum of Low access, Hispanic or Latino population at 1/2 mile, number","Sum of Vehicle access, housing units without and low access at 1/2 mile, number","Sum of Low access, population at 1 mile, number","Sum of Low access, low-income population at 1 mile, number","Sum of Low access, White population at 1 mile, number","Sum of Low access, Black or African American population at 1 mile, number","Sum of Low access, Asian population at 1 mile, number","Sum of Low access, Native Hawaiian and Other Pacific Islander population at 1 mile, number","Sum of Low access, American Indian and Alaska Native population at 1 mile, number","Sum of Low access, Other/Multiple race population at 1 mile, number","Sum of Low access, Hispanic or Latino population at 1 mile, number","Sum of Vehicle access, housing units without and low access at 1 mile, number","Sum of Low access, population at 10 miles, number","Sum of Low access, low-income population at 10 miles, number","Sum of Low access, White population at 10 miles, number","Sum of Low access, Black or African American population at 10 miles, number","Sum of Low access, Asian population at 10 miles, number","Sum of Low access, Native Hawaiian and Other Pacific Islander population at 10 miles, number","Sum of Low access, American Indian and Alaska Native population at 10 miles, number","Sum of Low access, Other/Multiple race population at 10 miles, number","Sum of Low access, Hispanic or Latino population at 10 miles, number","Sum of Vehicle access, housing units without and low access at 10 miles, number","Sum of Low access, population at 20 miles, number","Sum of Low access, low-income population at 20 miles, number","Sum of Low access, White population at 20 miles, number","Sum of Low access, Black or African American population at 20 miles, number","Sum of Low access, Asian population at 20 miles, number","Sum of Low access, Native Hawaiian and Other Pacific Islander population at 20 miles, number","Sum of Low access, American Indian and Alaska Native population at 20 miles, number","Sum of Low access, Other/Multiple race population at 20 miles, number","Sum of Low access, Hispanic or Latino population at 20 miles, number","Sum of Vehicle access, housing units without and low access at 20 miles, number","Sum of Tract low-income population, number","Sum of Tract White population, number","Sum of Tract Black or African American population, number","Sum of Tract Asian population, number","Sum of Tract Native Hawaiian and Other Pacific Islander population, number","Sum of Tract American Indian and Alaska Native population, number","Sum of Tract Other/Multiple race population, number","Sum of Tract Hispanic or Latino population, number","Sum of Tract housing units without a vehicle, number"
Alabama,1179,01,54.62256149,4779736,1883791,53160.44,53.18066158,0.52347661,246,387,200,257,345,490,692,414,616,414,76,0,345,1158432.455,2107377.207,1042461.539,427631.8812,825427.6816,373805.2674,4083503.888,1615260.859,2881372.034,995136.6381,41967.31452,2430.709528,25318.46049,137278.7304,150496.5441,93864.09033,2929144.045,1126274.089,2192251.244,600601.0502,24464.40771,1484.223929,20565.80713,89777.31208,94666.41611,58199.87376,116064.0953,53860.51555,71496.64386,41619.03033,148.1999525,46.18026689,814.1559454,1939.884946,1627.598538,3700.16148,26.29822941,16.42264955,10.83858158,15.45964868,0,0,0,0,0,1.466468161,1887965,3275394,1251311,53595,3057,28218,168161,185602,119315
Alaska,167,02,50.89820359,710231,258058,80131.53,32.33532934,0.264097174,34,48,29,35,50,88,124,77,83,47,41,30,62,242611.0404,395728.3953,219611.4643,67110.84237,105414.9318,58557.08897,573422.1818,147157.3982,393807.5373,16825.97468,25435.75822,4662.773259,84839.46719,47850.671,29583.53976,18173.41187,395124.3778,101725.6297,279203.4062,7808.239696,12402.80704,1706.809859,65119.6218,28883.49321,17017.45002,13515.92396,82302.50834,35516.30063,36954.10383,542.4482477,1515.799615,136.5248882,38880.22098,4273.410668,1647.471799,8917.452946,55707.44384,26730.84433,18707.90501,408.3028751,1213.733832,77.4051219,32284.79667,3015.30026,1085.755718,7520.73957,186291,473576,23263,38135,7409,104871,62977,39249,24148
Arizona,1526,04,84.73132372,6392017,2380990,60689.58,43.70904325,0.441389627,258,564,229,253,315,656,1292,606,1201,565,91,41,336,1675204.89,3865659.499,1534204.423,586944.7202,1439262.641,517799.3496,4504103.43,1661011.005,3325874.951,168609.4099,116585.2533,8568.100322,245963.2803,638502.4362,1238800.652,98000.68614,2236744.584,782023.2193,1659011.537,69288.87788,49024.27263,4012.026843,190323.6178,265084.2511,521459.8154,37853.37708,245749.0955,130873.0425,134489.9485,2512.559429,996.2207559,233.8877082,87006.05814,20510.42092,37252.97839,7101.878061,87354.95621,55085.99849,28544.97183,218.6001721,217.0869221,33.93271226,53788.74953,4551.615044,8078.627813,3439.843427,2501147,4667121,259008,176695,12648,296529,980016,1895149,163479
Arkansas,686,05,48.83381924,2915918,1147084,51199.27,49.85422741,0.478758319,177,247,124,154,208,341,444,233,335,232,109,1,209,698769.9684,1295975.818,535199.8637,291775.4631,569824.3854,215294.7833,2494163.425,1049194.679,1958526.075,360666.5858,28852.62154,4248.420594,18830.15758,123039.5643,144067.3603,57657.84991,1755276.925,708529.0139,1456278.418,199007.308,15095.25464,2011.432339,13220.54611,69663.96495,78499.58383,33671.4329,168394.3483,79051.81054,137897.6423,23740.59313,526.4757583,54.98393769,1151.664979,5022.988229,4904.280464,3747.190006,1665.096106,842.944782,1458.120103,94.31258751,4.851302181,0,28.8428514,78.96925554,78.78480569,35.30524706,1227601,2245229,449895,36102,5863,22248,156581,186050,72003
California,8044,06,91.39731477,37253956,12577498,75167.58,43.94579811,0.356785196,542,2195,506,612,905,1968,5650,1885,5551,1869,99,16,919,4987023.17,16901249.04,4842804.515,1338107.7,5390304.593,1280187.706,19268531.25,6189281.368,11904297.99,1138878.205,2240940.431,69861.31877,198957.6515,3715595.66,6408649.965,330167.6769,6983549.093,2012161.228,4791701.821,337129.4798,613430.8156,20107.78466,88555.71783,1132623.474,1927792.741,82950.54945,176988.9174,70542.84245,135945.8283,7327.600409,2591.203858,365.096049,5969.365678,24789.82306,44215.4427,2639.839678,30415.34979,11687.70055,21922.89564,2002.632127,686.9220391,202.6344105,950.3361449,4649.92948,6658.578897,643.1162828,13575487,21453934,2299072,4861007,144386,362801,8132756,14013719,984852
Colorado,1249,08,78.22257806,5029196,1972868,74822.93,40.11208967,0.335693817,180,419,153,155,190,488,979,434,909,418,70,16,205,1138378.482,2877543.537,1050341.032,304471.8341,840630.6285,275819.1128,3640373.733,1023923.848,3006878.566,135557.9313,95741.53493,4704.936943,39341.72629,358149.0378,694422.5042,62683.70926,1782761.023,454829.863,1518233.81,55551.5616,37932.89848,2138.677099,19047.95065,149856.1261,292019.3172,20638.5388,115576.2884,39144.34865,104441.2991,635.7635477,494.4289506,90.59777236,2681.239835,7232.959158,13971.24582,1240.254065,26803.83775,10252.80899,24201.45199,121.5797496,68.76169185,19.35225135,374.6695822,2018.022498,4421.245252,402.5324692,1532352,4089202,201737,139028,6623,56010,536596,1038687,114782
Connecticut,832,09,84.85576923,3574097,1371087,90496.02,34.73557692,0.272922084,70,203,70,118,193,391,618,391,618,391,0,0,193,1065239.964,2124299.382,1065111.17,159873.4511,433127.2535,159855.2262,2632375.867,499407.6174,2195073.62,189435.404,91291.529,915.1834268,7268.783519,148391.3466,241695.1903,58903.34502,1520308.63,217814.3615,1358962.521,60058.43577,45146.56253,413.5383263,3769.846594,51957.72586,79665.56212,21689.07428,128.79488,18.2248517,123.8930477,0,0.383350708,0,1.138078205,3.380401618,0.440322949,1.132348186,0,0,0,0,0,0,0,0,0,0,823045,2772410,362296,135565,1428,11256,291142,479087,123437
Delaware,218,10,77.98165138,897934,342297,73037.74,37.6146789,0.307472487,27,55,27,27,51,94,155,94,155,94,0,0,51,228397.3493,501073.2367,228397.3493,54959.15212,130883.1723,54959.15212,687941.0045,182694.1035,493986.8425,131957.9343,21490.19064,299.4569896,3061.255694,37145.32406,48475.8184,12704.69819,391168.5272,99622.8733,297185.8383,61993.87973,10961.55649,192.7214746,1968.29089,18866.24029,23254.41546,5524.152929,0,0,0,0,0,0,0,0,0,0,0,0,0,0,0,0,0,0,0,0,254044,618617,191814,28549,400,4181,54373,73221,21841
District of Columbia,179,11,100,601723,266707,98286.29,56.98324022,0.586499103,6,52,6,45,56,9,75,9,75,9,0,0,56,12749.40619,161901.9291,12749.40619,4771.304595,64436.18134,4771.304595,161901.9291,64436.18134,42109.71029,107120.4583,3262.048874,69.52588857,511.9251892,8828.260501,10522.84493,19740.27848,12749.40619,4771.304595,4636.274641,7409.743415,210.4120915,4.53940628,42.48250991,445.9541097,508.1554958,1227.166069,0,0,0,0,0,0,0,0,0,0,0,0,0,0,0,0,0,0,0,0,191388,231471,305125,21056,302,2079,41690,54749,96855
Florida,4214,12,86.07024205,18801310,7420802,59507.58,40.1518747,0.384120043,582,1301,540,654,1064,1833,3408,1766,3336,1761,72,5,1068,4831152.932,11198214.58,4714363.413,1577260.224,3980631.877,1523265.458,13329535.72,4773442.107,10226851.38,1954724.238,325028.4165,8709.430535,50380.97054,763841.2786,2406360.416,304503.104,6698797.208,2268918.598,5392715.486,768887.665,148758.0124,4325.571409,27519.59305,356590.8796,947007.289,115812.9162,130990.887,61628.46745,108091.092,14025.72661,585.9971728,46.87868026,1950.41741,6290.775131,13263.32982,2356.171421,4457.584441,2681.256558,3570.026517,198.8416704,6.835382508,1.614262393,450.9888693,229.2777296,600.9220915,90.57010299,7211686,14109162,2999862,454821,12286,71458,1153721,4223806,512040
Georgia,1965,13,67.12468193,9687653,3585584,59798.94,52.62086514,0.416032655,444,689,404,511,652,982,1337,918,1273,918,64,0,652,2985409.347,5436998.376,2886413.878,1044083.465,2025093.619,998028.8146,8049605.46,3085587.086,4979459.443,2356662.382,234153.3697,5314.682778,25863.86796,448151.7136,636483.5632,180868.7449,5311552.614,1963596.933,3567872.657,1355798.134,112030.2483,3303.891548,16499.04529,256048.6378,352073.0894,95367.84622,100941.2523,46861.12122,72511.25959,24105.73138,364.8111002,30.1920466,368.9920263,3560.266142,4321.080566,2561.575483,452.6287779,159.66634,356.6771926,67.95158445,0,0,14.00000009,13.99999975,6.000000021,3.946884366,3764636,5787440,2950435,314467,6799,32151,596361,853689,243181
Hawaii,332,15,81.3253012,1360301,455338,76276.17,30.72289157,0.26241251,34,52,27,22,43,124,216,117,208,116,8,1,44,370220.235,703247.4888,355585.2035,94864.07632,165472.3739,88427.73615,881627.1686,222737.5413,245546.2888,15018.62311,299574.1847,86794.98288,2985.334999,231707.7541,83695.33075,13880.23878,519954.9735,144581.4343,167724.3145,9373.265245,142634.4626,54856.36774,2090.24849,143276.3151,54533.71419,7094.270255,15489.3418,6717.430643,6072.844695,97.29021826,2270.777735,2296.343846,87.16690897,4664.918421,1735.022487,262.1033572,254.1112977,35.37469467,52.95417633,3.507294821,14.67172613,161.6077738,0.000339907,21.3699864,5.671002307,3.483424507,354087,336599,21424,525078,135422,4164,337614,120842,39012
Idaho,298,16,57.04697987,1567582,579408,56505.76,34.89932886,0.312723673,42,80,33,24,49,157,215,114,161,103,54,11,60,412448.6392,794611.1815,347866.7877,139640.3825,297019.4889,114347.6664,1223960.026,458089.5513,1097038.033,6883.551733,13557.65891,1761.148132,16815.33214,87904.30252,129870.9672,16378.09499,768969.7192,270868.4863,693637.2407,3216.688907,6811.382209,848.9194349,11556.81025,52898.67775,77641.69333,7802.44007,81446.15448,32898.75593,73717.85765,161.5702006,301.006504,59.83962117,1005.772357,6200.108177,8342.882412,855.6115909,16160.90571,7357.128199,14758.3171,21.72733195,33.36562784,11.08828667,108.5525983,1227.85477,1570.830169,172.6105427,615488,1396487,9810,19069,2317,21441,118458,175901,26743
Illinois,3121,17,84.1076578,12830632,4836972,71873.72,41.49311118,0.396421626,268,799,236,373,600,994,2071,899,1976,899,95,0,600,2483869.858,6217590.302,2339494.569,605044.4059,1788379.531,556499.3406,7851682.743,2202175.188,6116434.809,921826.0449,315296.9724,2265.01709,22000.79499,473859.1035,811719.4388,193285.5995,3918053.479,966594.1521,3360090.684,254885.0328,128538.3229,1151.007008,9587.275407,163801.1565,268327.6436,62896.3537,144457.0434,48562.4954,140552.8206,1335.497556,347.9415029,16.79861642,255.4936102,1948.491493,1982.364822,2421.788852,0,0,0,0,0,0,0,0,0,0,4003757,9177877,1866414,586934,4050,43963,1151394,2027578,515377
Indiana,1508,18,69.16445623,6483802,2502154,57259.47,40.84880637,0.416433136,220,517,219,246,380,603,1023,568,988,568,35,0,380,1641187.958,3330554.581,1579590.525,487798.1865,1176995.727,466926.4945,5186024.72,1714181.462,4463056.528,419905.57,76977.77679,1802.001326,14070.81106,210212.0336,265460.7385,117976.8034,3331268.752,970289.0103,2997952.961,183562.8361,39977.93048,1030.373257,8371.990439,100372.661,124911.0916,56448.59733,67249.15147,22997.38343,65332.73221,617.5692596,145.7251948,24.18638914,179.8628355,949.0755716,1041.796103,1062.140196,0,0,0,0,0,0,0,0,0,0,2233085,5467906,591397,102474,2348,18462,301215,389707,171026
Iowa,825,19,55.51515152,3046355,1221576,64726.51,28.48484848,0.360036831,96,202,87,59,104,348,558,226,436,226,122,0,104,652111.9148,1442818.538,458536.5277,189693.6104,450379.8492,134452.7536,2332017.663,673979.7619,2156440.874,56725.48917,36332.75406,1248.757486,7806.017798,73463.77102,99901.88078,44976.74024,1426788.522,379342.2542,1353377.467,20430.49617,15134.68319,510.5195798,4525.970082,32809.38618,43251.53161,20615.24925,193630.1855,55259.42664,189510.9987,550.6909804,515.3858636,40.70753241,389.7379924,2622.664566,3315.916866,2697.582986,28.45193968,7.388657992,27.68536632,0,0,0,0,0.766573374,0.766573374,0.069473494,905590,2781561,89148,53094,2003,11084,109465,151544,70171
Kansas,770,20,65.97402597,2853118,1112096,63695.04,38.05194805,0.401325848,138,245,123,88,128,373,599,271,487,261,112,10,138,752882.8698,1609325.188,610758.4096,253275.7255,544086.7948,206613.4263,2196466.912,699137.374,1865284.964,122218.3194,50046.03879,1685.98018,21180.74599,136050.8639,202578.6962,41914.70946,1248870.858,378516.6546,1089566.452,60244.04745,21481.43211,927.5355073,12717.53304,63933.858,90099.29518,19085.72929,164086.3308,54626.23421,154482.6626,835.9554575,342.150689,57.01203128,1920.983486,6447.566527,9811.082118,2071.358893,21279.74243,7757.898089,19133.07815,105.2696977,73.94040792,3.99999994,171.0119458,1792.442231,3293.160983,301.8457666,916880,2391044,167864,67762,2238,28150,196060,300042,59990
Kentucky,1115,21,49.95515695,4339367,1719965,54513.55,51.30044843,0.516791965,131,266,110,265,349,328,560,288,520,288,40,0,349,782537.2326,1673454.574,718149.7511,255592.555,608935.5869,225549.4155,3569185.507,1399987.779,3195212.873,232473.7854,35087.01811,1935.933101,8164.385744,96311.51171,96646.70158,97216.10426,2471578.178,953263.9828,2302743.456,93791.92489,15841.93909,1138.134921,5519.918979,52542.80475,51566.74474,55184.95347,65387.67029,30591.72449,63548.64166,489.5136265,103.2271163,18.55992251,178.0717356,1049.656194,816.6126808,1414.923363,0,0,0,0,0,0,0,0,0,0,1690710,3809537,337520,48930,2501,10120,130759,132836,133688
Louisiana,1143,22,71.39107612,4533372,1728360,55288.59,51.79352581,0.545770345,250,428,215,302,405,494,796,405,705,403,91,2,407,1214230.583,2341511.252,1062561.581,481145.2628,948790.5625,417611.0871,3537433.47,1397482.716,2276916.957,1084937.099,46966.63061,1533.740237,25174.99722,101904.0462,132142.3381,99562.37351,2284688.995,877460.1362,1572399.783,609093.2381,22568.7095,972.6009228,19192.22758,60462.43599,72842.94864,53521.23995,157918.4885,66432.50605,126126.5263,25684.9276,727.3229312,36.21899394,1840.05622,3503.4363,3445.635797,3736.047441,2640.245595,1349.599679,2182.034259,242.2069822,69.61190173,1,43.05727961,102.3351719,42.36395572,73.55295007,1797118,2836192,1452396,70132,1963,30579,142110,192560,147530
Maine,355,23,29.85915493,1328361,557219,59975.4,34.64788732,0.39212985,31,50,22,44,80,86,116,63,92,62,24,1,80,184908.1422,332984.9049,152219.6036,53897.49194,106426.1104,40694.21098,1116235.316,352659.2097,1070759.786,9101.426497,9874.28816,268.0306743,7164.510814,19067.27425,12545.92923,25767.42398,882141.3235,269285.1099,851306.8824,4768.85557,6247.847526,191.7217678,5820.796065,13805.2206,8742.056828,15603.68608,34106.97066,13937.54367,32967.53196,104.8165686,127.846943,11.94789784,314.3537036,580.4735957,250.1490891,665.3679478,1418.432031,734.2627103,1367.891744,2.099165055,5.312878326,0,13.22340723,29.90483534,11.77305135,57.1810522,436860,1264971,15707,13571,342,8568,25202,16935,41590
Maryland,1399,24,84.41744103,5773552,2156411,89468.92,41.38670479,0.26602168,112,397,107,210,303,496,1008,490,1002,490,6,0,303,1300046.558,3140452.3,1292171.614,213203.7365,659062.4103,210224.0195,3952226.287,803447.0765,2513171.383,1011136.899,204393.4963,2011.331824,12735.15005,208778.0269,254514.9199,94215.07286,2027419.384,338242.0029,1469952.838,390202.8352,84269.41741,943.1663464,5895.158158,76155.96803,84774.94119,27050.64102,7874.944075,2979.716986,7065.64526,587.2722647,22.31628945,0,35.47834136,164.2319117,119.4980654,283.2557967,0,0,0,0,0,0,0,0,0,0,1336868,3359284,1700298,318853,3157,20420,371540,470632,202429
Massachusetts,1476,25,89.1598916,6547629,2547075,86277.25,36.4498645,0.287749963,97,343,97,213,428,615,1066,612,1063,612,3,0,428,1837769.088,3798784.851,1830604.504,283053.4789,785872.8078,281354.9399,4399360.847,887350.1024,3791150.274,192746.5303,183039.3394,1229.649113,10072.3192,221122.7344,279017.2789,124624.7529,2367995.249,370987.6235,2170596.568,49694.90555,74092.99319,534.9455015,4479.083163,68596.75383,78482.72123,37781.94307,7164.584571,1698.538939,6979.617546,36.34285799,38.9595162,0.661870561,15.35825074,93.64453237,90.95949781,120.6790948,0,0,0,0,0,0,0,0,0,0,1606693,5265236,434398,349768,2223,18850,477154,627654,319213
Michigan,2774,26,72.35039654,9883640,3872508,59890.73,42.24945926,0.524633637,333,849,311,456,636,979,1872,922,1812,919,60,3,639,2252119.157,5054339.134,2170921.088,657247.4447,1723397.037,626336.2498,7581482.767,2507713.332,6253011.788,850151.4817,168988.0724,1897.19123,47945.11677,259489.1164,299679.0689,195222.2424,4536090.169,1353777.383,4031879.362,259523.866,80225.67353,1037.934598,32469.69454,130953.6379,149296.7734,82073.27799,86156.41398,32648.734,81024.00598,838.5738578,214.5451765,28.98729954,2288.182391,1762.1193,1124.669466,1708.987595,4557.88058,1657.120579,4316.840052,10.0512176,14.75377572,0,113.0928771,103.1426578,43.58906911,96.16771657,3427320,7803120,1400362,238199,2604,62007,377348,436358,305060
Minnesota,1336,27,67.88922156,5303925,2087227,74866.3,36.15269461,0.313375472,172,335,120,149,263,619,946,495,815,488,131,7,270,1488290.374,2899052.394,1294419.814,328289.2899,727048.5573,267281.1705,4133361.23,1021404.27,3624546.952,163462.8163,147097.8217,1566.398018,45990.11363,150697.128,160482.4776,87434.70496,2579953.066,580067.361,2339773.789,65547.03204,69769.49801,886.9698285,32792.84732,71182.92957,73246.12603,39072.27734,205138.0717,64685.90118,191655.5079,579.0293853,894.9985866,50.76402471,7783.708732,4174.063068,4129.315804,3437.807794,11083.26275,3616.979189,10208.57859,30.32679311,48.24512515,1.000000015,608.1298575,186.9823814,111.7637894,219.9595765,1425046,4524062,274412,214234,2156,60916,228145,250258,153366
Mississippi,662,28,49.6978852,2967297,1115768,47396.2,61.63141994,0.549719155,207,284,132,215,263,348,444,228,324,228,120,0,263,764711.4416,1255765.612,583540.5473,341456.371,588138.8389,246853.3233,2625309.312,1198770.751,1596477.587,930942.3867,21735.62178,995.4664114,14077.72377,61080.52638,68581.12385,64781.10195,2035741.1,905163.1882,1311676.8,653351.516,15000.633,695.7053567,12589.43733,42427.00803,47420.36515,44371.63158,181794.339,95026.60049,107136.8724,69742.67307,472.6307873,49.68893417,1523.770736,2868.703107,3248.690436,4811.506823,264.8739535,198.9221686,83.99344381,180.8198388,0,0,0,0.06067221,2.251629848,13.45273367,1329647,1754684,1098385,25742,1187,15030,72269,81481,75382
Missouri,1393,29,66.83417085,5988927,2375611,60346.65,46.08758076,0.403875352,247,466,185,275,404,638,1008,506,874,504,134,2,406,1531377.563,3123961.646,1340217.391,463476.3677,1045938.577,384151.0868,4717116.111,1613510.434,4017767.938,455922.704,69157.08263,4708.273415,21885.16182,147674.9513,152015.076,114991.7537,2943911.268,956362.1805,2645089.073,170549.3679,33401.5029,2505.430999,14165.62912,78200.26355,77901.69924,52272.53302,194670.1643,80772.8267,188819.1208,984.8053874,551.9395258,38.73043298,967.415808,3308.152382,2582.235188,3741.296125,3146.678342,1320.310999,3072.883544,7.07324918,12.00093144,0,29.30104842,25.41956707,27.13787613,91.45615663,2073938,4958770,693391,98083,6261,27376,205046,212470,173776
Montana,271,30,40.5904059,989415,409607,58667.51,32.84132841,0.444666798,41,62,27,26,39,137,182,88,101,56,81,32,68,240683.3547,418382.9794,168638.0098,85611.19574,151793.6057,59204.28616,760138.8032,259047.4605,682246.9961,2763.715794,4304.950068,470.0838511,47957.21583,22395.84137,20265.9411,12827.83451,525792.8164,171675.2225,471139.9484,1651.511861,2600.311999,295.4569291,35944.30001,14161.28695,12352.3035,6551.974916,120327.7499,47245.59779,99344.79184,199.8422557,300.1163725,38.48507693,17660.0134,2784.500944,2025.745696,1566.312672,48282.40505,20838.68821,39168.74747,65.07069425,122.0885125,16.45483716,7923.513836,986.5296999,734.9824935,825.9436623,354874,884961,4027,6253,668,62555,30951,28565,21179
Nebraska,532,31,65.60150376,1826341,721130,66113.68,30.82706767,0.394318476,51,136,41,42,62,238,419,161,324,143,95,18,80,389220.7906,988743.3668,259613.6061,110291.8825,308950.9692,71017.34707,1308598.542,392228.9282,1149704.308,50918.51765,20142.23834,790.0089374,12744.86997,74298.59818,105483.1748,23210.13136,664798.9902,179803.7466,612883.4899,11855.93435,5903.403172,316.8264817,7404.110269,26435.22597,38564.27196,7993.204214,147589.2152,45725.302,142562.386,300.4229766,334.6840466,52.80689581,661.9331654,3676.982068,4788.485389,1597.411101,17981.05146,6450.089563,17419.89026,30.63352942,39.11732259,8.000000066,121.3497111,362.0606386,414.2650596,230.4738616,570403,1572838,82885,32293,1279,18427,118619,167405,41291
Nevada,687,32,88.64628821,2700551,1006250,61800.92,36.97234352,0.405009941,58,183,56,92,118,239,538,228,512,213,26,15,132,649942.5178,1562514.478,629299.2394,199638.9279,536326.5827,193358.3314,1729327.614,583854.2301,1193249.089,129895.2896,122361.9331,9966.664237,22869.61674,250985.0212,394997.4315,41024.49651,778727.8928,236131.0891,575168.8141,44144.55529,50248.56502,3772.996988,13236.08348,92156.87815,142595.3861,10156.61667,45659.95065,16381.78059,35515.57071,2776.383631,537.1796671,45.393992,2866.826339,3918.596318,7120.678376,631.754117,23188.93612,9640.280743,18753.87639,652.4904227,282.9982674,32.36788311,1191.673489,2275.529669,3901.228034,449.8030474,996857,1786688,218626,195436,16871,32062,450868,716501,79563
New Hampshire,295,33,52.20338983,1316470,518973,79736.21,35.59322034,0.213517969,44,65,39,50,73,122,151,116,145,116,6,0,73,378463.0993,582169.8682,372691.0996,70725.87822,130523.5292,69024.21913,1136599.204,245868.7596,1074091.145,11461.98983,22334.73978,319.8973227,2630.386526,25761.04538,27180.71221,20290.99579,874285.0755,170727.3299,835844.1318,6071.014349,14496.66846,230.1717692,1838.3752,15804.71381,14965.49877,11755.25802,5959.028982,1767.698402,5771.586454,31.67822362,32.38923496,0,20.22086313,103.154204,61.35871684,75.23431,187.0292603,66.03931697,176.3545627,4.301418147,0,0,0.360377336,6.012902631,3.523241517,2.499878656,289341,1236050,15035,28407,384,3150,33444,36704,27444
New Jersey,2007,34,92.326856,8791894,3214360,89070.42,34.03089188,0.262348477,106,345,105,200,437,744,1431,742,1429,742,2,0,437,2084494.853,4736066.352,2082142.353,328961.0542,880048.0357,328070.2575,5353842.155,974790.8827,4103569.341,518119.7766,429362.9304,1581.427618,12045.31056,289163.3689,544266.6576,130480.8279,2633446.718,411109.315,2156821.731,182922.5983,183429.2399,790.1433036,5377.162084,104105.8437,189196.814,47206.85021,2352.49982,890.7966719,1934.396487,281.0908736,13.71946329,0,4.895486774,118.3975004,143.1628422,41.01905567,0,0,0,0,0,0,0,0,0,0,2135826,6029248,1204826,725726,3043,29026,800025,1555144,373136
New Mexico,499,35,68.93787575,2059179,791395,56887.55,49.498998,0.503147128,135,200,113,94,101,269,397,228,323,195,74,33,124,685385.7646,1211804.842,585427.0864,298925.3901,523978.8837,246440.5378,1616061.586,691180.3644,1096485.173,30752.84403,20056.64058,1367.1963,168961.294,298438.4386,740464.1269,30831.58306,1050059.017,448769.9097,695063.6459,15952.27465,10356.31564,774.9731105,143164.3076,184747.5002,459854.1386,16738.39062,171058.7101,94391.68405,80370.63677,982.6200035,658.8831331,70.37264854,66982.23509,21993.96255,50698.33948,4494.754785,62965.63468,36974.42117,26609.4029,215.1476122,211.5852848,18.37899463,30058.46019,5852.659755,13888.44969,2037.989867,879706,1407876,42550,28208,1810,193222,385513,953403,43800
New York,4907,36,85.24556756,19378102,7317755,74896.49,42.2253923,0.402063628,182,545,152,396,783,907,2005,854,1952,854,53,0,783,2249715.84,5737722.156,2162516.994,461750.4306,1353452.567,431456.3592,8177794.403,1991810.132,6927098.794,592451.3576,262839.2958,2482.8253,34559.7361,358362.3943,603621.3377,239769.5812,4458209.607,1036371.84,4036151.281,171768.2493,94799.63714,1263.374552,21103.77399,133123.2908,214884.0332,87894.0644,87575.84231,30381.87593,82422.59688,2408.879887,346.2659394,27.13588708,787.2707394,1583.693025,2023.171552,1968.568401,376.2668208,87.48807213,372.4400944,0.715674823,0.000265287,0,1.00008834,2.110698024,4.50503869,6.063514704,6197233,12740974,3073800,1420244,8766,106906,2027412,3416922,2127226
North Carolina,2192,37,61.63321168,9535483,3745155,59568.12,44.52554745,0.419443881,368,622,339,493,673,925,1364,870,1308,869,56,1,673,2247613.846,4452596.798,2173447.532,779642.0524,1643239.437,748361.9553,7915847.663,3020188.873,5575366.872,1585521.403,153381.2898,5043.243216,109290.6733,487244.1819,624669.3136,183180.5003,5376280.862,2019843.746,3989598.864,914427.7913,73301.26172,3060.097246,91972.57429,303920.2742,384783.4722,104385.6138,78083.1526,32695.03358,55712.92238,16839.38402,232.0693139,17.46732017,2845.975903,2435.333643,2818.956098,1944.877005,3887.821253,1401.562581,2796.278423,992.2512486,6.608692339,0,8.481279255,84.20162098,309.8857161,183.4103727,3672028,6528950,2048628,208962,6604,122110,620229,800120,244937
North Dakota,205,38,42.43902439,672591,281192,71495.86,22.92682927,0.368336775,17,37,11,17,26,112,162,62,86,36,76,26,52,197561.6473,373593.3787,122378.324,50091.31613,103376.0062,31324.03493,504179.3542,136821.3545,454372.7059,5681.745191,4930.050047,255.4769474,28091.96763,10847.40855,9459.173463,9477.822682,299437.0363,75147.37441,268698.5477,2301.561472,1873.8378,153.6919022,20592.05973,5817.337824,5134.522693,3350.604979,114838.2098,31495.97025,106407.4119,988.838025,442.5932425,79.45506235,4607.874449,2312.037213,2291.62435,1246.230514,31766.88663,8790.884129,29847.14887,60.45156663,93.52988603,12.81074126,1288.802542,464.143023,403.3895387,440.4829155,187100,605449,7960,6909,320,36591,15362,13467,16191
Ohio,2949,39,77.41607325,11536504,4603435,59661.73,43.54018311,0.481640712,447,1016,428,604,887,1211,2117,1175,2081,1175,36,0,887,2920635.698,6323011.939,2853621.663,839217.2628,2132455.395,812271.495,8975429.706,2912845.604,7621496.629,935544.4368,137287.4687,2978.391093,18900.64791,259222.1311,247069.2662,252979.7987,5337926.092,1542936.273,4798207.236,340185.7027,68815.82363,1682.606319,10631.0198,118403.7034,109722.8643,109577.2998,67048.50867,26950.00134,64796.38999,676.0181989,110.7552919,11.65634174,204.6619047,1249.026924,847.8065373,1485.007407,0,0,0,0,0,0,0,0,0,0,3859814,9539437,1407681,192233,4066,25292,367795,354674,384271
Oklahoma,1046,40,64.43594646,3751351,1460450,57297.5,44.26386233,0.509189889,197,359,153,130,180,466,761,349,635,340,126,9,188,993416.2501,1918768.398,809520.0401,362494.7678,743670.7581,285828.1686,2991403.542,1133906.036,2182227.323,212524.3569,48247.70351,3189.314394,267796.0502,277418.7933,228425.0388,60857.10378,1952397.13,703544.4282,1456863.538,114536.6977,24811.14486,1406.770694,195215.3856,159563.5928,112432.6324,31625.93331,204332.3912,84904.84038,157383.6704,5275.815714,535.9800106,64.35891685,25820.37647,15252.18966,10475.06161,3269.238695,16201.85568,6792.774715,13159.33646,117.0416106,56.82960104,2.452527968,1922.608622,943.5868556,797.6832043,344.7263766,1434447,2706845,277644,65076,4369,321687,375730,332007,83133
Oregon,830,41,71.92771084,3831074,1518938,64121.23,40.60240964,0.36405196,103,248,89,114,183,294,579,257,530,245,49,12,195,656669.5373,1816783.198,597804.791,211009.4818,634218.3989,187952.0941,2575524.102,891710.9057,2197561.982,36329.82028,84800.16992,7747.34769,37435.64864,211649.1344,268726.5923,55698.49863,1308691.761,427290.0415,1161320.987,9962.550754,28375.18609,2325.139485,22312.35653,84395.54058,105499.0222,18991.44404,81206.32756,32947.88876,71274.20906,234.3958313,358.035002,111.2633972,5296.070118,3932.35411,3868.423552,1165.674679,20792.88066,9344.822715,18273.42504,54.34982386,85.72621098,32.39446279,1359.751478,987.2336277,951.877311,331.2011417,1414878,3204614,69206,141263,13404,53203,349384,450062,121892
Pennsylvania,3218,42,76.41392169,12702379,5018904,67905.38,36.88626476,0.372127142,225,712,212,493,906,1065,2031,1037,2003,1037,28,0,906,2682894.625,5961353.493,2635029.297,597682.5737,1605301.673,579817.3746,8971106.386,2431032.542,7912215.394,596047.0751,184556.1384,2277.328998,14989.27803,261021.1719,332265.787,272809.618,5393886.44,1338655.112,4999200.874,187568.5694,84420.57959,1211.547226,7726.362741,113758.5076,143507.9011,113308.5136,47907.33403,17872.51232,46857.534,356.127262,67.38420537,9.333464714,73.12865275,543.8264648,511.4983162,1111.98695,0,0,0,0,0,0,0,0,0,0,3801366,10406288,1377689,349088,3653,26843,538818,719660,571206
Rhode Island,242,44,89.66942149,1052567,413600,73801.71,33.47107438,0.343398568,11,57,11,36,78,98,187,97,186,97,1,0,78,250339.0839,609407.2179,249288.0839,51615.71842,168913.9691,51468.58367,713505.0277,184229.8707,620149.9206,27752.12587,16446.3247,272.3317049,3270.269199,45614.05548,58339.48651,19989.63771,343401.2223,65342.84299,321996.8495,5370.037442,5672.408967,86.80621552,1240.067565,9035.052632,9799.540386,6373.008331,1051.000005,147.1347523,1016.000005,7.000000155,4.999999855,0,0.999999941,21.99999969,30.99999952,18.51139246,0,0,0,0,0,0,0,0,0,0,310086,856869,60189,30457,554,6058,98440,130655,40203
South Carolina,1103,45,59.38349955,4625364,1801181,55113.33,49.59202176,0.466471396,221,316,194,292,391,494,675,454,635,454,40,0,391,1314985.743,2303341.174,1254794.124,479653.2527,865833.6415,449816.754,3968324.004,1579521.848,2657581.767,1085132.294,47356.08497,2111.674637,17042.70729,159099.4759,192647.1783,102212.0869,2816039.973,1117121.365,1923285.333,745336.9864,27466.7537,1287.97447,12966.11556,105696.8092,126843.9664,63961.85779,60428.84266,29958.47257,29439.30412,29294.77945,114.9700849,16.13630014,388.0585079,1175.594175,1035.619059,1986.837128,0,0,0,0,0,0,0,0,0,0,1832838,3060000,1290684,59051,2706,19524,193399,235682,126514
South Dakota,222,46,42.34234234,814180,322282,62701.15,27.92792793,0.406359773,35,53,25,29,37,139,172,86,91,58,81,28,63,278972.2065,443379.008,182762.9322,93483.51426,155746.3765,57942.73823,657517.378,215316.8028,565288.5137,7337.263531,5724.407549,298.8592646,59861.68726,19006.64662,16791.93817,11750.70062,460211.3206,142758.2266,394191.974,3206.642409,2987.139467,160.4553332,48029.1879,11635.92144,9921.211134,6602.800814,135064.2466,53442.47761,103529.2784,234.0158562,288.5525857,34.34335249,27686.20826,3291.848056,2589.188741,2257.427107,38642.70362,17772.81086,25825.54853,32.09003355,72.66962434,17.58674425,11762.45003,932.358653,603.0429067,816.2101206,268522,699392,10207,7610,394,71817,24760,22119,17334
Tennessee,1497,47,59.85303941,6346105,2493552,55816.25,46.76018704,0.449718371,270,462,239,311,427,658,930,602,874,602,56,0,427,1768502.786,3158201.447,1685185.987,613113.8527,1208394.876,575555.6796,5368792.473,2058967.734,4274536.003,808613.1236,71046.65983,2883.065897,16656.65357,195056.9676,221031.5861,119788.6928,3774303.366,1379193.621,3195626.338,411743.9701,41086.00166,1771.198219,11622.61145,112453.2465,122117.5553,66116.49112,83533.76281,37615.45058,73256.23487,8170.538649,177.8468867,29.19857113,353.2466159,1546.697206,1567.621509,1740.540177,0,0,0,0,0,0,0,0,0,0,2475614,4921948,1057315,91242,3642,19994,251964,290059,159034
Texas,5258,48,77.8813237,25145561,8922933,63695.49,48.09813617,0.387558663,1041,2035,965,859,1136,2445,4146,2167,3839,2138,307,29,1164,6807705.821,14689415.45,6364030.591,2403437.86,5521571.557,2241691.41,18967947.4,7044491.269,13662717.57,2188782.771,688038.1669,16927.41162,125612.2622,2285869.218,6694539.334,345183.6396,10539688.42,3702669.721,7943893.565,1081883.467,303367.4343,9433.154933,69882.60211,1131228.194,3349710.672,149187.3541,495700.7778,184605.9482,423246.4909,24681.61313,2064.452407,205.6118401,4011.727494,41490.88216,112910.4191,7060.025924,44217.31083,20059.44859,38981.38921,523.3408663,179.9884684,21.00000002,387.9599451,4123.632375,18436.82213,888.6781196,9871835,17701552,2979598,964596,21656,170972,3307187,9460921,529628
Utah,588,49,84.69387755,2763885,877692,69030.65,30.95238095,0.286621911,58,153,57,45,59,263,487,249,458,234,29,15,73,728134.3515,1697332.384,700311.7882,208602.0389,527545.8936,199005.3415,1974700.273,605611.6797,1731360.165,18448.14787,35128.21825,15155.62259,24141.90163,150466.2175,221654.1013,22622.38718,961091.8263,273071.9069,865908.0424,6804.289169,12327.54127,5181.378923,14707.35924,56163.21531,82192.5179,8064.508379,52878.85527,20541.13628,42703.41759,110.7671716,280.5298605,103.9078087,7095.126841,2585.106003,3539.614907,578.88344,23200.63321,10327.40368,16705.80905,57.52397931,85.8111581,30.20618517,5390.741035,930.5418193,1373.106354,314.6394802,918444,2379560,29287,55285,24554,32927,242272,358340,41248
Vermont,184,50,27.17391304,625741,256442,67663.59,26.08695652,0.363856612,9,20,6,11,27,39,56,30,47,30,9,0,27,78547.00599,149975.5615,64222.07861,21719.30451,45601.97095,16762.60295,522516.6429,148845.5546,500982.9698,4159.47042,5512.038379,125.5353009,1765.953236,9970.675994,7184.32796,10820.22563,414604.7157,112379.719,400374.5227,2315.656375,3140.171627,79.99591559,1377.105144,7317.264068,5042.357728,7176.97574,14324.92738,4956.701554,13898.00141,49.43099457,42.90770027,1.417504495,56.59864427,276.5711334,139.0346486,232.4463882,0,0,0,0,0,0,0,0,0,0,178350,596292,6277,7947,160,2207,12858,9208,17179
Virginia,1900,51,72,8001024,3056058,82605.82,44.36842105,0.294578544,281,550,225,325,442,727,1312,650,1234,649,78,1,443,1635288.175,4033929.247,1513740.74,369318.8351,995008.3146,324017.8527,5975588.21,1592608.524,4265823.465,1111386.004,270518.1785,4175.544948,20669.48917,303015.5291,373287.7079,126852.402,3414469.728,913692.9016,2631920.749,551399.6879,92708.1151,1922.65567,11372.07346,125146.4473,143545.9814,62544.57159,122608.3814,45647.90769,93250.27628,26221.76561,309.5958387,33.64532938,440.1272328,2352.971176,2301.093221,2724.777336,1058.443917,346.4161112,1038.670742,3.167337582,0.999999979,0,1.713674217,13.89216196,13.13218869,44.13759281,2139426,5486852,1551399,439890,5980,29225,487678,631825,193610
Washington,1455,53,77.11340206,6724540,2620076,74492.11,38.48797251,0.30060941,179,425,142,140,233,617,1094,552,1018,541,76,11,244,1569714.022,3555731.347,1465387.598,392166.2403,979779.7296,351676.1136,4716349.909,1301499.205,3767692.925,135509.0053,295101.6513,25805.24108,76954.06632,415287.0202,465649.4652,81738.29877,2610094.349,676554.219,2183624.724,48243.77795,111369.6513,11256.35107,51675.04596,203924.799,232745.7105,30659.42365,120445.1564,47652.19659,100469.3556,775.8419498,760.6138114,121.2612287,9651.2807,8666.80313,11005.89857,1627.039062,14503.80653,6641.464754,9628.544631,339.243837,78.08168828,14.50730314,3419.048851,1024.380214,1191.034866,276.1157015,2052229,5196362,240042,481067,40475,103869,662725,755790,184459
West Virginia,484,54,44.83471074,1852994,763831,52105.37,43.80165289,0.511928263,63,115,43,120,206,174,251,128,205,128,46,0,206,392091.4664,664052.8074,320599.499,140725.3095,255555.5086,109434.9847,1593875.84,626571.007,1505371.033,48256.65334,9962.396974,364.2760433,3162.606302,26758.8745,17973.21558,51582.55956,1220216.16,470576.5578,1166264.729,27720.36323,5690.653482,266.6075672,2366.317188,17907.4892,12078.99764,33675.70549,72228.2079,31617.11806,70590.38717,628.3781074,103.5094687,33.15379759,144.2419116,728.5374146,520.8284074,2077.83347,250.6928607,73.98471837,249.0599411,0,0,0,0,1.632919105,1.28347008,6.892423456,715784,1739988,63124,12406,428,3787,33261,22268,64384
Wisconsin,1395,55,66.4516129,5686986,2279768,65404.5,34.91039427,0.365158275,142,343,107,176,327,523,904,440,821,440,83,0,327,1203978.06,2689130.226,1074170.846,301463.5608,807360.5281,257429.9889,4349085.757,1224930.057,3876031.756,195395.2565,85097.39287,1380.195769,42269.23694,148911.9188,199595.5631,98365.33539,2674032.714,665115.8055,2487383.705,54161.58698,36603.77597,819.0367881,28449.19682,66615.41262,86388.22865,40529.50488,130976.4042,44443.24936,125179.1677,595.1916366,423.1589738,42.9659461,2602.533416,2133.386535,1780.948247,2105.113715,1169.191076,409.6775039,1140.628201,0,3.567869857,3.863896236,3.058862126,18.07224741,7.254584323,23.17303736,1717264,4902067,359148,129234,1827,54526,240184,336056,163459
Wyoming,132,56,52.27272727,563626,226879,70342.17,24.24242424,0.287637547,17,24,14,12,19,79,102,57,68,45,34,12,30,169725.5258,275736.8623,136966.1022,45475.19954,78360.61691,37755.1978,461592.6142,129370.8658,419533.6747,3800.433239,3288.065045,351.521927,11203.25129,23415.66814,39489.74966,6333.739985,320712.3721,85345.83468,292522.585,2438.936524,2117.637902,241.6851015,8240.869712,15150.658,24652.90921,3809.971622,51391.01516,12798.54183,48854.28327,111.1227668,138.4307281,21.40691044,696.85037,1568.921127,2301.691935,340.1857874,18273.38064,4991.954222,17354.6438,44.76041619,36.28112701,11.60811082,214.0158825,612.0712938,889.7783527,150.9261776,160818,511279,4748,4426,427,13336,29410,50231,8630